old_tmdb_id,new_tmdb_id,query_title,matched_title,release_date,popularity
538286,1256491,criminals,Criminals,,0.0261
12773,427910,navy seals,Navy Seals,1990-07-20,1.5543
14980,377037,rose red,Rose Red,1994-01-01,0.8939
164721,18087,pride and prejudice,Pride and Prejudice,2003-12-05,1.2789
2413,432375,jesus of nazareth,Jesus of Nazareth,1942-03-26,0.2867
11944,43443,joan of arc,Joan of Arc,1948-12-22,0.556
2518,48742,hitler the rise of evil,Mein Kampf,2009-08-01,1.6403
36763,748230,salem s lot,Salem's Lot,2024-10-03,3.7186
64699,63587,powwow highway,Powwow Highway,1989-02-24,0.3007
69234,9833,the phantom of the opera,The Phantom of the Opera,2004-12-08,5.777
11343,748230,salem s lot,Salem's Lot,2024-10-03,3.7186
185441,26672,the thief and the cobbler,The Thief and the Cobbler,1993-09-23,0.8952
42611,1598076,le chagrin et la pitie,The Sorrow and the Pity,1969-09-18,0.135
10700,415253,darwin s nightmare,Darwin's Nightmare,2005-01-21,5.7495
37525,1311031,a k,Demon Slayer: Kimetsu no Yaiba Infinity Castle,2025-07-18,165.1493
24269,570595,the temptations,Russian Nymphet: Temptation,2004-11-28,3.776
41758,515047,empire falls,The Fall of the American Empire,2018-06-28,0.5191
17919,396079,human trafficking,Human Trafficking,2013-10-25,0.7152
27138,27137,sybil,Sybil,2007-05-28,1.5239
244797,12225,cashback,Cashback,2007-01-17,3.8837
53094,394385,welt am draht,Rainer Werner Fassbinder's World on a Wire: Looking Ahead to Today,2010-02-18,0.0979
31653,369775,the prince of pennsylvania,The Prince of Pennsylvania,1988-10-10,0.2678
118309,835940,john adams,John Adams: The Gospel According to the Other Mary,2017-01-28,1.5888
17800,33221,into the west,Into the West,1992-10-23,3.4503
12224,1161229,dinotopia,Dinotopia,2002-02-12,1.6375
9795,37933,earthsea,Tales from Earthsea,2006-07-29,3.4805
18884,1214931,nuremberg,Nuremberg,2025-11-06,38.6895
14301,337374,dr horrible s sing along blog,The Making of Dr. Horrible's Sing-Along Blog,2007-12-19,0.3626
38870,422802,komedia malzenska,Comedy of Marriage,1994-05-07,0.4985
168643,1413343,xiii,XIII,2018-04-25,0.227
45560,575659,berlin alexanderplatz,Berlin Alexanderplatz,2020-06-25,3.1502
62128,1147215,raiders of the lost ark the adaptation,Raiders of the Lost Ark: The Adaptation,2003-05-30,0.7168
67479,1105772,roots,Roots,2018-03-29,0.8726
65990,870404,meteor,Meteor,2021-09-01,2.7838
25950,291624,mysterious island,Mysterious Island,1951-09-13,0.4441
141714,403924,wild china,China's Wild West,2009-01-18,0.2121
13989,1472855,24 redemption,24: Redemption,2008-11-28,0.8043
41522,401461,the phantom,The Phantom,1943-12-24,2.7191
47477,15267,the beast,The Beast,1988-09-14,4.8271
11788,653364,elizabeth i,Elizabeth Is Missing,2019-12-08,1.9301
40655,958532,the bannen way,The Bannen Way,2010-01-06,0.8051
367647,1262786,connections,Connections,2024-01-01,0.3669
202241,3309,mildred pierce,Mildred Pierce,1945-10-20,5.7177
71982,154091,streets of laredo,Streets of Laredo,1949-05-27,0.694
57403,1474601,misterios de lisboa,Mysteries of Lisbon,2010-10-21,0.5453
58423,417859,puss in boots,Puss in Boots,2011-10-27,6.9899
262475,400101,g i joe the revenge of cobra,G.I. Joe: The Revenge of Cobra,1984-09-10,0.3297
62582,850018,windfall,Windfall,2022-03-11,0.7738
99254,1239360,casey jones,Casey Jones,2011-09-18,1.6725
26397,1109979,the civil war,The Civil War,1954-01-01,0.6411
168210,512411,bag of bones,Bag of Bones,2015-02-26,0.1126
46813,1512586,don quixote,Don Quixote,1916-02-27,1.6792
595378,311000,brigada,Tank Brigade,1955-10-05,1.8381
284694,10533,the scarlet letter,The Scarlet Letter,1995-10-13,1.7382
208988,143587,the war,The War,2012-11-30,0.8528
83191,22376,treasure island,Treasure Island,1972-10-01,2.3302
53803,840091,bleak house,Bleak House,1920-01-15,0.5648
172538,188344,papirosnitsa ot mosselproma,The Cigarette Girl of Mosselprom,1924-12-02,0.6901
269797,950192,rko production 601 the making of kong the eighth wonder of the world,"RKO Production 601: The Making of “Kong, the Eighth Wonder of the World”",2008-10-11,0.2803
147538,823883,it s such a beautiful day,Aunt's Beauty Salon Closing Day,2021-02-04,5.675
60917,503437,painted lady,Painted Woman,2017-11-10,2.4067
69372,193324,human planet,"You, Planet – An Exploration in 3D",2012-01-01,0.3893
62403,953,madagascar,Madagascar,2005-05-25,16.0551
95571,458877,gayby,Gayby,2012-09-17,1.6339
89049,113875,the staircase,The Staircase,1998-04-12,1.9572
194668,1322923,new york a documentary film,New York: A Documentary Film,2001-10-20,0.3348
155055,244305,the ice house,The Ice House,1969-01-01,1.0657
4548,1084736,le comte de monte cristo,The Count of Monte Cristo,2024-06-28,10.791
166986,166981,chastity bites,Chastity Bites,2013-06-01,1.8147
293138,401469,widows,Widows,2018-11-06,6.0942
18231,1292321,star trek of gods and men,Star Trek: Of Gods and Men,2007-12-22,5.1478
239471,475,bonnie and clyde,Bonnie and Clyde,1967-08-13,3.0395
313289,1003919,paranoia agent,Paranoia Agent - Interview Files,2011-08-24,0.3949
370353,66027,women in love,Women in Love,1969-09-13,1.0263
218277,100617,pretty handsome,Pretty-Arne and Rosa,1967-07-20,0.047
257155,1011511,threads of destiny,Threads of Destiny,1914-10-21,0.1384
19492,1500440,captain eo,Captain EO,1986-09-12,0.9583
394403,267864,schwestern,Schwestern,2013-06-13,0.1603
30146,552490,toppu wo nerae,Gunbuster vs Diebuster: Aim for the Top! The GATTAI!! Movie,2006-10-01,1.2018
21680,552490,top wo nerae 2 top wo nerae gattai gekijouban,Gunbuster vs Diebuster: Aim for the Top! The GATTAI!! Movie,2006-10-01,1.2018
67493,1249487,centennial,American Theatre Wing Centennial Concert,2018-03-17,2.0097
589460,472231,so be it,So Be It,,0.369
273510,253161,madame bovary,Madame Bovary,2015-06-04,2.9859
12450,14208,king solomon s mines,The Librarian: Return to King Solomon's Mines,2006-09-09,2.1161
159140,1450320,history of the eagles,The Complete History of the Philadelphia Eagles,,0.0782
64679,8095,cleopatra,Cleopatra,1963-06-12,4.3113
36597,25095,wuthering heights,Wuthering Heights,1992-10-16,3.6806
203766,466416,long way round,The Long Way 'Round,1980-08-02,0.8725
82400,375282,pardon us,Pardon Us,1931-08-15,2.8056
276690,1016414,street fighter assassin s fist,Street Fighter: Assassin's Fist The Movie,2014-05-24,0.5657
29133,364442,jimi hendrix,Jimi Hendrix,1973-06-14,1.8331
144114,495333,the dust bowl,The Dust Bowl,2016-10-19,0.07
248785,369100,sekirei,Sekirei Pure Engagement Special,2010-08-25,0.2658
24486,39567,jack the ripper,Jack the Ripper,1976-09-23,0.5957
2699,597,titanic,Titanic,1997-12-18,38.8595
312497,1332363,ascension,Ascension,2000-01-01,0.8452
65821,520725,the lost prince,The Lost Prince,2020-02-12,2.2783
301231,695312,the missing,The Missing,2020-12-25,4.4294
62836,679048,the kennedys,"Kennedy: One Family, One Nation",,8.517
151153,97638,doggiewoggiez poochiewoochiez,Doggiewoggiez! Poochiewoochiez!,2012-01-27,0.4421
74309,324971,daar,Khud-Daar,1982-02-12,2.4776
3057,1062722,frankenstein,Frankenstein,2025-10-17,57.969
241287,724779,tropico,Tropico,,1.1165
289394,43192,houdini,Houdini,1953-07-02,2.6673
101660,683342,v,V,2020-09-05,0.7642
140161,117059,v the final battle,God v. Satan: The Final Battle,2008-10-19,1.9152
63039,10880,noah s ark,The Noah's Ark Principle,1984-02-24,2.5261
133365,377060,the diary of anne frank,The Diary of Anne Frank,2016-03-03,0.785
77172,18087,pride and prejudice,Pride and Prejudice,2003-12-05,1.2789
18202,50944,merlin s apprentice,The Sorcerer's Apprentice,2002-04-12,0.3613
51768,129968,rough riders,Below the Border,1942-01-30,1.4325
136867,257,oliver twist,Oliver Twist,2005-09-23,4.2276
299538,219230,inhumans,Inhumans,2013-04-23,0.321
74694,365045,heidi,Heidi,2015-12-10,3.6981
69234,9833,the phantom of the opera,The Phantom of the Opera,2004-12-08,5.777
150004,8681,taken,Taken,2008-02-18,14.325
139464,1095732,family of spies,"Spies, Lies and Family Ties",2016-01-28,0.1102
15614,163924,invasion,Invasion,1969-10-16,1.694
72094,603409,thorne scaredycat,Thorne: Scaredycat,2010-10-31,0.7605
266314,471340,space,Space,1965-09-17,2.1843
180836,93945,the moving finger,The Moving Finger,1963-12-01,1.218
81958,724658,der chinese,Der Chinese,1979-01-26,1.3123
108716,18900,in cold blood,In Cold Blood,1967-12-15,1.3372
197592,433778,rage of angels,Raging Angels,1998-11-25,0.8282
25093,663069,qrm,The Priestess,2007-01-01,0.1045
13535,789791,rubber johnny,Rubber Johnny,2017-08-08,0.1256
162864,1607451,the 3 rs,The 3 Rs,2011-10-20,0.1076
53285,547264,beastie boys sabotage,Beastie Boys: Sabotage,1994-12-10,0.4733
189197,1381595,the pacific,Somewhere in the Pacific,1942-12-25,5.3184
238386,116943,documentarian,Documentarian,2012-04-12,0.6908
252063,880630,les liaisons dangereuses,Short Cuts: Dangerous Liaisons,2021-09-26,10.217
64123,410381,neverwhere,Neverwhere,1968-07-31,0.6795
112952,16285,khan kluay,The Blue Elephant,2006-05-18,1.5378
278468,653528,family guy presents blue harvest,Family Guy Presents: Blue Harvest,2008-01-21,1.1013
257605,99871,the trial of lee harvey oswald,The Trial of Lee Harvey Oswald,1964-09-30,0.0786
86575,300561,world war iii,World War III,2014-07-28,0.9678
22211,11970,hercules,Hercules,1997-06-13,8.0749
122023,9681,casanova,Casanova,2005-12-25,3.1412
158382,1094904,hotel hell vacation,Hotel Hell Vacation,2010-02-07,0.4849
315010,4584,sense and sensibility,Sense and Sensibility,1995-12-13,11.3751
261985,587188,cenerentola,Cenerentola,1949-05-14,0.3048
160874,833253,the third reich the rise fall,Third Reich: The Rise & Fall - Part 2: The Fall,2010-06-02,1.7288
327029,305470,power rangers,Power Rangers,2017-03-23,5.1825
80527,784993,stargate sg 1 children of the gods final cut,Stargate SG-1: Children of the Gods,2009-07-21,0.8893
56771,334668,wwii in hd,WWII in HD: The Air War,2010-11-10,0.1885
17669,1455742,the last templar,The Last journey of  the Knights Templar,,1.7798
283691,487186,halo nightfall,Halo: Nightfall,2014-02-05,0.9855
237718,979227,how sherlock changed the world,How Sherlock Changed the World,2013-10-01,4.165
55229,25503,impact,Impact,1949-03-20,0.7328
335676,1150209,aurora,Aurora,2025-01-10,2.1706
293238,13597,labyrinth,Labyrinth,1986-06-27,6.9064
53774,313400,the sinking of the laconia,Invasion of the Motorcycles: Laconia Biker Rally,2007-01-26,0.0978
53875,88751,journey to the center of the earth,Journey to the Center of the Earth,2008-07-10,5.814
37668,659071,mega man,Mega Man,,0.8941
341984,1476801,back to the jurassic,Back to the Jurassic,2015-06-02,0.9821
12188,450788,les animaux amoureux,Animals in Love,2007-12-19,0.1312
109515,92198,me shivajiraje bhosale boltoy,Me Shivajiraje Bhosale Boltoy,2009-04-03,0.2267
338850,455980,tag,Tag,2018-05-30,4.035
65973,652754,dragon ball z gaiden saiya jin zetsumetsu keikaku,Dragon Ball Z Side Story: Plan to Eradicate the Saiyans,1993-09-23,2.6325
206514,699669,i claudius,"I, Claudius: A Television Epic",2002-09-30,0.4793
62931,14711,afro samurai,Afro Samurai: Resurrection,2009-10-16,1.3794
191476,1264525,42 one dream rush,42 One Dream Rush,2010-09-15,0.6208
108497,196567,autumn tale,Tale the Autumn Leaves Told,1908-04-11,1.5284
353653,202327,a town has turned to dust,A Town Has Turned to Dust,1998-06-27,0.2801
25180,844452,anne of green gables the continuing story,Anne of Green Gables: The Continuing Story,2000-07-23,0.3229
278604,625651,family guy presents something something something dark side,"Family Guy Presents: Something, Something, Something, Dark Side",2009-12-22,0.6274
134777,840455,the lost room,Inside the Lost Room,2007-04-03,1.0789
180152,67159,out on a limb,Out on a Limb,1950-12-15,0.3725
329637,1450305,star trek renegades,Star Trek: Renegades,2015-08-24,0.5657
265758,11524,thief,Thief,1981-03-27,3.1626
357130,1401224,tom and jerry,Tom and Jerry,,0.2002
357143,1234941,knife in the dark,A Knife in the Dark,2024-01-22,4.6684
11204,454348,dresden,Dresden,1946-09-14,0.4088
268009,219924,days of hope,Days of Hope,1940-02-12,0.2443
357935,997570,forbidden area,Forbidden Area,1956-10-04,0.6279
263570,137072,the comedian,The Comedian,2012-10-03,1.7265
256515,2648,hit miss,Aces Go Places V: The Terracotta Hit,1989-01-28,1.2967
200813,96300,the blue planet,The Blue Planet,1982-12-01,0.3018
77197,561783,true women,True Women,1991-03-31,1.2151
16854,225843,snapphanar,Snapphanar,1941-12-26,1.1984
256955,1012404,sword art online extra edition,Sword Art Online: Extra Edition,2013-12-31,0.8041
143769,1098587,pennies from heaven,Pennies from Heaven,2023-03-13,0.482
172577,18056,the take,The Take,2008-08-22,2.861
47084,47282,little dorrit,Little Dorrit,1987-12-11,0.5378
292739,379088,shingeki no kyojin movie 1 guren no yumiya,Attack on Titan: Crimson Bow and Arrow,2014-11-22,2.9944
190250,484297,abe,Abe,2020-06-24,2.4068
47761,456375,the witches of oz,Dorothy and the Witches of Oz,2012-02-17,0.506
99708,421749,pope john paul ii,Pope John Paul II,1984-04-22,0.2641
72792,64004,suckseed,Suck Seed,2011-03-17,2.101
58207,219388,if tomorrow comes,If Tomorrow Comes,1971-12-07,0.1543
101833,569624,ragazzi del juke box,The Jukebox Kids,1959-08-13,0.1846
74751,358057,the ugly duckling,The Ugly Duckling,1997-09-04,0.6951
60199,197198,hotel room,Hotel Room,1981-02-12,0.5699
353462,753338,tut,Tut,,0.1822
60836,161087,wild times,"Aliens in the Wild, Wild West",1999-08-17,1.4534
253426,297762,wonder woman,Wonder Woman,2017-05-30,14.4223
219466,587365,dancing on the edge,Dancing on the Edge,2011-08-11,0.3735
345575,76077,kampen om tungtvannet,Operation Swallow: The Battle for Heavy Water,1948-02-05,2.9338
327016,1062718,weekend of a champion,Weekend of a Champion,2013-10-09,3.225
312452,617512,la vague,La Vague,2015-09-03,0.1203
366492,9096,medicinmannen,Medicine Man,1992-02-07,3.8349
373162,40236,the nesting,The Nesting,1981-05-01,2.3285
263953,95795,sinatra,Sinatra,1988-05-13,1.1387
303950,45049,the code,The Code,2001-09-26,10.6009
187006,667189,101,101,2012-07-06,0.1432
373977,20986,childhood s end,Gurren Lagann The Movie: Childhood's End,2008-09-06,2.0635
373357,54914,conspiracy of silence,Conspiracy of Silence,2003-05-15,0.2735
211354,11322,public enemies,Public Enemies,2009-07-01,4.4029
119209,471900,the day the clown cried,The Story of... The Day the Clown Cried,2016-01-04,0.5259
360626,509109,prescription murder,Prescription: Murder,1968-02-20,5.5964
376823,301049,trophy kids,Trophy Kids,2011-01-01,0.2546
313985,49046,the west,All Quiet on the Western Front,2022-10-07,7.3528
251546,892527,king,King,2022-02-16,2.0883
211845,393685,the bible,The Bible,1977-04-18,4.5134
377136,1444761,liquidation,Liquidation,2025-03-16,0.0261
139777,75506,world without end,World Without End,1956-03-25,0.3652
333040,51482,death note rewrite genshisuru kami,Death Note Relight 1: Visions of a God,2009-09-23,5.9429
376681,298714,x past is present,X: Past Is Present,2015-11-20,0.8873
280617,1486357,space cop,Space Cop,2016-01-08,0.9935
135097,1423192,the cinema snob movie,The Cinema Snob Movie,2012-09-27,0.1512
379951,345912,busco novio para mi mujer,Busco novio para mi mujer,2016-02-19,0.6464
342381,66489,bad,Bad,1977-05-04,1.7604
378779,11706,war and peace,War and Peace,1956-08-21,5.3465
293471,690737,onneli ja anneli,Jill and Joy,2014-01-17,0.4824
161535,1372489,doraemon,Doraemon the Movie: Nobita's Art World Tales,2025-03-07,10.3598
200414,467629,mockingbird lane,Mockingbird Lane,2012-10-26,0.2494
208947,1606335,get ready,Get Ready,2026-01-10,0.0457
371758,4883,and then there were none,And Then There Were None,1974-09-24,2.2352
62241,141043,long way down,A Long Way Down,2014-03-20,1.3216
198993,1556391,area 88,Area 88,1985-07-20,0.2123
341224,89874,first position,First Position,2011-09-11,2.4741
153397,1276019,restless,Restless,2025-04-04,1.4549
202831,715369,the fire next time,The Fire Next Time,2020-06-15,0.5705
50942,58903,creature,Creature,1985-05-08,3.5579
182950,182950,blonde dynamite,Blonde Dynamite,1950-02-12,1.25
33862,33862,cell 2455 death row,Cell 2455 Death Row,1955-04-19,0.178
114242,77560,faust,Faust,2011-09-08,2.5975
304878,304878,von caligari zu hitler,From Caligari to Hitler,2015-05-28,0.1045
76105,10360,hunger,Hunger,2008-05-15,2.739
357096,357096,i spit on your grave iii vengeance is mine,I Spit on Your Grave III: Vengeance Is Mine,2015-10-01,5.2193
116500,116500,incendiary blonde,Incendiary Blonde,1945-07-25,0.9856
109606,1089897,boys over flowers,Boys Over Flowers,2019-09-28,0.5908
109346,766327,you re beautiful,"You're Beautiful, Jeanne",1990-08-26,0.2856
200558,1469099,kara,Kara,2012-03-08,0.9227
357125,694538,the sixties,The Sixties,1970-04-18,0.186
347938,1144348,11 22 63,11-22-63: The Day the Nation Cried,1989-11-22,0.2818
25843,502216,karas the prophecy,Karas: The Prophecy,2005-05-25,1.6891
277098,1468478,yukikaze,YUKIKAZE,2025-08-15,2.3107
131433,1295296,freedom project,Lioness - A Freedom Project For Iran,2022-12-07,0.0495
382885,486256,kyokasho ni nai,Not in Textbooks,2016-06-18,1.1799
45330,524239,aika,Aikatsu! ~Aiming For the Magic Aikatsu Card~,2016-08-13,8.78
300762,320479,red dot on the ocean,Red Dot on the Ocean: The Matt Rutherford Story,2014-10-24,0.0589
30,1541412,kanojo no omoide,彼女の想いで,,0.0558
331501,455595,residue,Residue,2017-07-18,0.3225
75926,51175,shaka zulu,Shaka Zulu: The Citadel,2005-05-03,0.5142
239895,1602452,twisted the untold story of a royal vizier,Twisted: The Untold Story of a Royal Vizier,,0.0168
200120,445341,the day of the badman,Day of the Badman,1958-01-29,0.7137
5184,1128602,contergan,Contergan: Die Eltern,2003-05-04,0.1588
370014,361419,to the ends of the earth,To the Ends of the Earth,1983-01-01,0.8736
396650,136394,don t turn the other cheek,Don't Turn the Other Cheek,1971-12-22,0.4115
94587,716894,kony 2012,Kony 2012,2012-03-05,0.3288
396918,634210,the monkey king the legend begins,The Monkey King: The Legend Begins,2022-11-02,0.704
250880,1612653,adolf hitler the greatest story never told,Adolf Hitler: The Greatest Story Never Told,2013-01-27,0.0336
382088,1217239,the division agent origins,The Division: Agent Origins,2016-01-19,3.3263
5654,11706,war and peace,War and Peace,1956-08-21,5.3465
368526,617126,fant,The Fantastic 4: First Steps,2025-07-23,45.7649
192040,54805,planet earth,Planet Earth,1974-04-23,0.3955
34202,63207,intruders,Intruders,2011-09-12,1.2522
59568,430783,priest of evil,Priest of Evil,2010-10-29,0.8475
400174,1105772,roots,Roots,2018-03-29,0.8726
70859,1566835,wild palms,The Wild Palms,2025-11-25,0.0979
258257,1489074,big man diva,Big Man: Diva,1998-01-01,0.13
46572,1492808,big man polizza droga,Big Man - Droga Polizza,1988-11-25,0.1027
344030,236242,deo pa i beu,The Five,2013-11-14,1.4239
29924,2897,around the world in 80 days,Around the World in 80 Days,1956-10-17,1.8766
2719,85027,moses,Moses,1993-10-16,1.6369
101662,26175,ivanhoe,Ivanhoe,1952-07-31,2.4493
24057,355797,wyrd sisters,Wyrd Sisters,2007-11-10,1.5708
408286,373446,gleason,Gleason,2016-07-30,1.1261
285248,1419406,shado,The Shadow's Edge,2025-08-16,106.7216
404302,692094,ii,II,2014-09-02,0.8706
100490,816614,scarlett,Scarlett,2020-12-01,4.0196
261581,575665,louis c k one night stand,Louis C.K.: One Night Stand,2005-08-19,0.5445
407048,399126,scott hall living on a razor s edge,Living On A Razor's Edge: The Scott Hall Story,2016-07-05,0.106
202213,1129185,the vaughn sister,The Vaughn Sister,,0.0143
409696,211193,over the garden wall,Over the Garden Wall,1950-11-20,0.3545
388131,9885,wolf creek,Wolf Creek,2005-09-16,2.8722
387859,316884,menuju rembulan,Another Trip to the Moon,2015-01-26,2.3474
43719,1465777,small island,Small Island,,0.0143
70871,1119197,paranoia,Paranoia,2024-02-08,1.7257
389396,37454,maigret sets a trap,Maigret Sets a Trap,1958-01-29,0.4637
405627,272977,joan baez how sweet the sound,Joan Baez: How Sweet the Sound,2009-10-14,0.202
211029,1613792,neal cassady,Neal Cassady,2008-04-30,0.0
65256,1456240,h2o just add water the movie,"H2O: Just add Water, TV-Movie 2",2009-11-04,7.1271
391934,4584,sense and sensibility,Sense and Sensibility,1995-12-13,11.3751
119372,47333,jane eyre,Jane Eyre,1996-01-20,3.5912
243984,17015,persuasion,Persuasion,1995-05-01,11.1497
405979,181135,twist of faith,Twist of Faith,2013-03-09,0.2426
244182,12254,emma,Emma,1996-10-02,4.1582
126820,404203,baseball,Baseball,2016-06-11,0.0648
243987,4584,sense and sensibility,Sense and Sensibility,1995-12-13,11.3751
38584,484847,legally blonde the musical,Legally Blonde: The Musical,2007-10-13,0.5882
336380,276103,je vous aime,Je suis vivante et je vous aime,1998-12-30,1.2928
422274,1121140,exchange,Exchange,2003-08-30,0.6636
390422,630620,the way we live now,The Way We Live Now,1970-05-27,0.2599
269033,1454134,penis boy,Penis Boy,2015-01-01,0.0261
10614,1604540,my best friend s birthday,My Best Friend's Birthday,1987-06-04,0.1089
358725,358725,saint amour,Saint Amour,2016-03-02,1.1999
266568,153717,aschenputtel,Aschenputtel,2010-12-24,1.1412
410774,1066138,schneewittchen,Schneewittchen,2009-12-25,0.4453
374319,1067164,prinzessin maleen,Prinzessin Maleen,2015-12-26,1.0642
279558,1067129,der teufel mit den drei goldenen haaren,Der Teufel mit den drei goldenen Haaren,2013-12-26,0.1307
268712,1005146,allerleirauh,Allerleirauh,1977-01-23,0.7537
374247,1067159,die salzprinzessin,Die Salzprinzessin,2015-12-25,0.8848
419289,332813,allende en su laberinto,Allende in His Maze,2014-12-11,0.3159
67276,1587582,absurda,Absurda,2025-11-29,0.0071
409915,2649,the game,The Game,1997-09-12,6.2749
428737,12599,uno the movie,Pokémon the Movie 2000,1999-07-17,3.3344
426903,1122858,buffalo running,Running Free with the Buffalo,2021-06-06,0.0071
200035,400933,political animals,Political Animals,2016-06-04,0.6946
283146,45220,this land is mine,This Land Is Mine,1943-05-07,1.104
374634,593804,the charlie chaplin festival,The Charlie Chaplin Festival,1941-04-01,0.1619
361340,640661,a brilliant madness,A Brilliant Madness,2002-05-28,0.2777
419185,1532334,o caseiro,O Caseiro,2022-08-16,0.0429
430514,430500,der durch die wand geht,Le passe-muraille,2016-12-14,0.4961
432192,325234,the oa,Daryl Hall & John Oates: The Liberty Concert,1985-08-17,2.7999
300544,1365543,thru the wire,Thru The Wire,2024-09-21,0.1697
379462,425014,blue guitar,Blue Guitar,2013-09-27,0.0168
414937,1549027,maigret s dead man,Maigret's Dead Man,2016-12-25,0.0214
154339,404243,falling cat,"Run Away, Catch, Fall in Love",2015-06-29,0.9366
75018,26742,great migrations,Amazing Journeys,1999-10-15,0.5288
407430,262833,neko no shukai,Ani*Kuri15,2008-06-07,0.6405
393263,949423,pearl,Pearl,2022-09-16,6.8836
428074,86969,come together,Come Together,2002-02-02,0.1821
197061,1567706,flight of the storks,The Flight of the Stork,2025-11-15,0.3614
394063,394063,chris hardwick funcomfortable,Chris Hardwick: Funcomfortable,2016-04-30,0.1103
101818,27553,game over,Game Over,2009-10-01,1.2547
224113,263132,3d,Naked Ambition 3D,2014-03-25,5.7656
371504,845769,river,River,2021-09-03,2.5622
69535,947392,race to mars,Black Market Emperor: Silver and Gold 7 - Underworld Horse Racing Hell,1997-03-28,0.4091
414399,42131,the night of,The Night of Varennes,1982-05-15,4.4965
401840,29812,school s out,The Substitute 2: School's Out,1998-08-01,2.2025
140465,1064976,prohibition,Prohibition,1915-01-01,1.1219
101915,128714,tess of the d urbervilles,Tess of the D'Urbervilles,1998-03-08,0.9787
115161,1487396,fish heads,Fish Heads,1980-12-06,0.1882
25610,926682,the tommyknockers,Night of the Tommyknockers,2022-11-25,0.625
30999,11533,jason and the argonauts,Jason and the Argonauts,1963-06-13,3.5184
185789,1018,mulholland dr,Mulholland Drive,2001-06-06,8.0672
331214,484744,band of brothers,Band of Brothers,2019-08-23,0.185
415647,1273362,the honourable woman,A Woman's Honour,1913-01-09,0.0453
370722,203888,london spy,The Spy with Ten Faces,1966-02-24,0.1513
440508,200708,diamond cartel,Diamond Cartel,2015-03-06,1.1698
409926,124818,cosmos,Cosmos,1996-11-15,2.9047
445916,425935,asylum of darkness,Asylum of Darkness,2012-11-07,0.4054
401150,1082616,world cinema,World Cinema,2023-06-30,0.0
65595,1606547,t2 3 d battle across time,T2 3-D: Battle Across Time,1996-04-27,0.2514
421550,2112,payback straight up,Payback,1999-02-05,4.1324
320311,1386374,wolf hall,Wolf Hall: The Inside Story,2015-02-25,3.5656
26920,1008421,assassin s creed lineage,Assassin's Creed: Lineage,2009-11-15,0.3043
73144,1588883,portal no escape,Portal: No Escape,2011-07-22,0.218
53945,22,caraibi,Pirates of the Caribbean: The Curse of the Black Pearl,2003-07-09,17.6566
37603,121977,diversant,Deadly Diversion,2004-04-29,1.3982
444623,959848,idiot,Idiot,2022-04-01,1.6541
64502,21143,the day of the triffids,The Day of the Triffids,1963-04-24,2.6657
446850,422058,tri bogatyrya i morskoy tsar,Three Heroes and the King of the Sea,2016-12-24,0.2949
333953,1526915,pelmeni,Pelmeni,,0.0071
445739,76277,zhenitba,The Marriage of Balzaminov,1964-12-25,0.7937
26787,64923,gulliver s travels,Gulliver's Travels,1977-05-06,3.5944
458298,333869,the keepers,The Keepers,2016-04-01,0.1812
67488,19101,a little princess,A Little Princess,1995-05-10,2.0303
348063,725201,l homme invisible,The Gray Man,2022-07-13,6.63
424643,881502,bad ben,Bad Ben,2016-10-05,0.3645
381519,1157408,ghost in the shell arise border 5 pyrophoric cult,Ghost in the Shell: Arise - Border 5: Pyrophoric Cult,2015-08-26,0.7929
51494,1284647,pandora s box,Tales from Pandora's Box Vol. 2,2023-04-14,6.9032
398295,11176,mundo c o,The Muppet Movie,1979-06-22,2.6215
391351,606603,warwick,Warwick,2019-09-13,0.2602
54988,1727,bird on a wire,Bird on a Wire,1990-05-18,2.463
10840,1545562,on your mark,On Your Mark,1995-07-15,0.3015
395767,193367,le scribe,Le scribe qui dessine,2013-05-10,0.2027
445713,11414,the defiant ones,The Defiant Ones,1958-08-14,1.2827
18098,47406,arabian nights,Arabian Nights,1974-06-20,1.0608
429486,624479,superman ii the richard donner cut,Superman II: The Richard Donner Cut,2006-11-02,0.9519
270271,443746,the state within,The Making of 'The State Within',,0.1037
392433,12201,edge of darkness,Edge of Darkness,2010-01-28,4.0169
300508,505026,death on the nile,Death on the Nile,2022-02-09,6.6033
325895,4176,murder on the orient express,Murder on the Orient Express,1974-11-22,3.5035
467565,574831,video game high school,VGHS: The Movie,2012-05-11,0.2178
179051,47095,house of cards,House of Cards,1993-06-25,1.0165
94324,1033807,premonitions following an evil deed,Premonitions Following an Evil Deed,1995-02-12,0.9268
215632,1024654,the stone,The Stone,2020-02-23,0.0552
443725,405362,happy,Happy,1933-12-11,1.2942
167774,1108583,pole to pole,Pole Princess!! Movie,2023-11-23,1.5012
173899,40085,the long hot summer,"The Long, Hot Summer",1958-05-17,2.0669
478412,479598,vilaieha,The Villa Complex Residents,2017-05-10,0.4462
473984,471689,everything is free,Everything Is Free,2017-09-03,0.7609
84648,1040473,rage of the master,Rage of the Master,1971-12-31,0.9391
139806,799908,blossoms blood,The Bloody Cherry Blossom Magistrate,1954-03-17,0.9951
468554,429727,bad match,Bad Match,2017-08-25,1.6324
431786,1067171,prinz himmelblau und fee lupine,Prinz Himmelblau und Fee Lupine,2016-12-25,0.0526
260498,1066132,frau holle,Frau Holle,2008-12-25,1.3322
275291,1067104,die zertanzten schuhe,Die zertanzten Schuhe,2011-12-26,0.6658
267200,1067101,die sterntaler,Die Sterntaler,2011-12-26,4.8264
286646,283675,die kluge bauerntochter,Die kluge Bauerntochter,1977-03-27,0.8237
286652,1036305,tischlein deck dich,Tischlein deck dich,1970-11-20,0.4959
314487,1020384,das tapfere schneiderlein,Das tapfere Schneiderlein,2008-12-26,0.2687
312852,1067134,sechse kommen durch die ganze welt,Sechse kommen durch die ganze Welt,2014-12-25,0.1375
308859,1066387,die bremer stadtmusikanten,Die Bremer Stadtmusikanten,2010-01-02,0.1703
288591,1066395,der meisterdieb,Der Meisterdieb,2010-12-26,2.4854
286647,1066143,rapunzel,Rapunzel,2009-12-25,2.3927
252498,155182,overtime,Overtime,2012-01-29,0.5165
290299,540153,charlemagne,Charlemagne,1933-12-22,0.6096
106035,694,the shining,The Shining,1980-05-23,12.964
335765,1573279,pferd und reiter springen uber ein hindernis,Pferd und Reiter springen über ein Hindernis,,0.0168
301801,1514775,el precio de la libertad,El precio de la libertad,2025-06-19,0.0
430951,646767,doctor who the return of doctor mysterio,Doctor Who: The Return of Doctor Mysterio,2016-12-26,0.6133
489646,69239,prosta historia o milosci,Prosta historia o miłości,2010-11-19,0.0754
489870,1585281,victoria s secret fashion show,Victoria’s Secret Fashion Show 2025,2025-10-15,0.12
309787,1585281,victoria s secret fashion show,Victoria’s Secret Fashion Show 2025,2025-10-15,0.12
490314,12133,frangi,Step Brothers,2008-07-25,3.9087
468123,43766,chaharshanbeh,Fireworks Wednesday,2006-02-08,0.7582
226879,1429463,tales from the crypt from comic books to television,Tales from the Crypt: From Comic Books to Television,2004-10-31,1.4831
335436,697331,code of a killer,Killer's Code,1995-08-08,0.4906
302937,1470275,aspirational,Aspirational,2015-03-15,0.4383
31096,1025586,batman dead end,Batman: Dead End,2003-07-19,1.2417
121249,916117,halloween a cut above the rest,Halloween: A Cut Above the Rest,2003-08-05,0.1282
474505,461002,sgt pepper s musical revolution with howard goodall,Sgt Pepper's Musical Revolution,2017-06-03,0.2238
407691,798143,voyage a travers le cinema francais,My Journey Through French Cinema,2016-10-12,1.3779
31168,1576537,born of hope,Born of Hope,2009-12-01,0.4144
444998,441742,infogolik,Infoholic,2017-03-02,0.6029
49780,92959,wives and daughters,"Daughters, Wives and a Mother",1960-05-21,0.8429
211652,65545,lyubov v sssr,Vanished Empire,2008-02-14,0.8884
488654,949785,godless,Godless,2017-04-29,1.3303
230408,638187,the good witch s wonder,The Good Witch's Wonder,2014-10-25,2.3626
480705,478659,yoga arquitetura da paz,On Yoga: The Architecture of Peace,2017-10-05,0.2091
314021,683209,russell howard wonderbox live,Russell Howard Live: Unscripted and Unplanned,2014-11-14,0.0906
479071,134215,heroine,Heroine,2012-09-21,1.8642
64230,1486281,the virgin queen,The Virgin Queen,1923-01-23,1.3003
397586,384043,national parks adventures,National Parks Adventure,2016-02-12,2.2437
432038,1538241,star wars downunder,Star Wars Downunder,2013-11-18,0.078
452191,20064,little boy blue,Little Boy Blue,1997-06-01,0.9829
295752,1517467,this is how the world ends,"Christmas, or How the Hutsuls Waited for the End of the World",2001-01-01,0.1157
201281,411,the chronicles of narnia the lion the witch and the wardrobe,"The Chronicles of Narnia: The Lion, the Witch and the Wardrobe",2005-12-07,20.052
216202,605539,journeyquest,JourneyQuest 3.5,2019-06-01,0.0776
510882,482981,wild wild country,Wild Rose,2019-04-12,4.5512
74079,40750,the wiggles movie,The Wiggles Movie,1997-12-18,0.2689
139915,223572,my brother jack,My Brother Jack,2015-05-28,0.2466
371496,823759,criminal justice,Criminal Justice,1987-12-31,0.8941
497362,497491,the mummy of tutankhamun,Tutankhamun: The Mystery of the Burnt Mummy,2013-11-10,2.5804
264074,612385,the cockpit,THE COCKPIT,2015-05-30,0.2303
51961,40601,metallica slayer megadeth anthrax the big 4 live from sofia bulgaria,The Big Four: Live in Sofia,2010-10-29,0.2394
146784,1540370,let s all go to the lobby,Let's All Go to the Lobby,1951-07-04,0.1014
521932,870518,sanctuary,Sanctuary,2023-03-02,4.4564
278082,275244,cheburashka,Cheburashka,2010-12-18,1.0373
497997,483488,parade s end,μ's 4th →NEXT LoveLive! 2014 ~ENDLESS PARADE~,2014-07-25,0.231
268891,1066396,des kaisers neue kleider,Des Kaisers neue Kleider,2010-12-26,0.2521
31,51464,saishu heiki,Saikano: The Last Love Song on This Little Planet,2006-01-28,1.1423
411950,1373767,macross dynamite 7,Macross Dynamite 7,1997-12-18,0.2074
368065,1593754,dragon ball z the fall of men,Dragon Ball Z: The Fall of Men,2015-10-31,0.0627
65639,1548774,todd mcfarlane s spawn,Todd McFarlane's Spawn 2,1998-08-25,1.8636
318356,1548774,todd mcfarlane s spawn 2,Todd McFarlane's Spawn 2,1998-08-25,1.8636
389593,1267671,severus snape and the marauders,Severus Snape and the Marauders,2016-03-01,0.4617
190513,1609966,how not to make a movie,How Not to Make a Movie,2013-04-10,0.0754
508327,82077,kobiety mafii,Bella Mafia,1997-11-16,1.9962
41257,903676,the silver chair,The Chronicles of Narnia: The Silver Chair,1990-11-18,4.0798
524475,1217945,carne y arena,Flesh and Sand,2017-05-17,1.7567
58228,754538,follies in concert,Follies: In Concert,1986-03-14,2.1403
440456,555103,acht stunden sind kein tag,Eight Hours Don’t Make a Day: A Series Becomes a Family Reunion,2017-02-13,0.1101
508366,1474999,lottery,Lottery,2025-05-18,0.5444
387413,163924,invasion,Invasion,1969-10-16,1.694
538328,1603791,his last vow,Sherlock: His Last Vow,2014-01-12,0.3698
69593,19950,yavarum nalam,Yavarum Nalam,2009-03-06,1.2118
143360,1325847,divorce his divorce hers,His & Hers,2024-09-07,6.1576
362475,39253,vykrutasy,Lucky Trouble,2011-01-12,1.4066
548004,40233,the landlord,The Landlord,2009-06-01,0.0611
144449,453815,my s dzhekom,Me and Jack,1973-04-23,0.5904
536927,536115,godzilla eater of stars,Godzilla: The Planet Eater,2018-11-09,3.7069
529239,473756,shogun,Shogun,2017-10-10,0.0754
535484,882052,bad ben the mandela effect,Bad Ben: The Mandela Effect,2018-06-18,1.0039
551874,1404419,darth maul apprentice,Darth Maul: Apprentice,2016-03-05,0.6297
414278,406908,our deal,Our World: Iran's Nuclear Deal,,0.0
518312,220265,the indecent family,Horny Family,2013-01-17,1.4302
566492,555630,prishelets,Forsaken,2018-11-08,1.3237
319315,993517,pick me up,Pick Me Up,2006-01-20,0.4898
499928,1564568,the shivering truth,The Shivering Truth,,0.4556
569293,527465,moromete family on the edge of time,Moromete Family: On the Edge of Time,2018-11-16,0.311
571819,395957,clarissa,Clarissa,1995-09-30,0.0967
459629,1008409,el asfalto,The Bikeriders,2024-06-19,4.1507
161552,1077060,bosko and honey,Bosko and Honey,1932-11-19,0.4568
409776,1116898,the blues,The Blues,2003-08-12,0.3398
586129,594404,leaving neverland,Leaving Neverland: ProSieben Spezial,2019-04-06,4.6842
414401,82120,l arroseur arros,The Sprinkler Sprinkled,1895-06-10,0.5928
62444,1464622,kigeki,Ado: Kigeki,,1.653
53986,1102104,biohazard 4d executer,Resident Evil 4D Executer,2000-11-11,1.9954
384975,1548948,resident evil the nightmare of dante,Resident Evil: The Nightmare of Dante,,0.0297
578715,1218655,brecht,Brecht & Weill: Die Dreigroschenoper Festival d'Aix-en-Provence 2023,2023-07-12,3.5133
589023,509903,the legend of cocaine island,The Legend of Cocaine Island,2018-04-20,0.2575
576676,586044,i m just f cking with you,I'm Just F*cking with You,2019-04-01,0.5251
594750,657248,making badlands,Making Badlands,2013-03-19,0.0775
288572,1069143,deer woman,Deer Woman Child,2022-11-10,1.004
595124,1515876,the guy who didn t like musicals,The Guy Who Didn't Like Musicals: Reprised!,2025-07-11,2.5203
328303,341338,civilisation,Civilisation,2001-05-22,0.1963
297644,604684,secrets of her majesty s secret service,0093: Masao Kusakari On Her Majesty's Secret Service,2007-10-13,0.1304
292307,1212578,secrets of selfridges,Secrets of Selfridges,2014-04-06,0.0
332218,188732,secrets of scotland yard,Secrets of Scotland Yard,1944-07-26,0.2739
363999,677218,secrets of the tower of london,Secrets of the Tower of London,2013-10-27,2.2011
455166,732816,secrets of underground london,Secrets of Underground London,2014-05-21,2.2484
455419,860302,secrets of westminster,Secrets of Westminster,,0.0143
346387,265067,vampire,Vampire,1979-10-07,1.653
566549,163924,invasion,Invasion,1969-10-16,1.694
253773,448025,ivashko i baba yaga,Ivashko and Baba-Yaga,1938-03-21,0.599
38136,881366,the end,The End,2024-12-06,1.7986
607517,761061,elvis presley the searcher,Elvis Presley: The Searcher,2018-11-19,0.0643
620058,458107,crystals shadow,Abduct,2016-05-22,1.4745
622077,112205,the family,The Family,2013-09-13,3.4296
567273,698102,63 up,63 Up,2019-06-04,1.4488
574905,621737,the night bulletin,The Antenna,2020-10-16,0.8192
17976,1022035,something s got to give,Marilyn: Something's Got to Give,1990-12-13,4.1902
577625,696774,twice,Twice,,1.21
633190,943909,undone,Undone,2010-02-26,1.3251
92246,790073,classic albums elvis presley elvis presley,Classic Albums: Elvis Presley,2002-04-30,0.1796
636391,612175,punk the capital building a sound movement,Punk the Capital: Building a Sound Movement,2019-06-29,0.1262
162892,1223142,a girl thing,Girl Upstairs Who Likes Big Things,2023-12-01,2.9569
224302,395850,cinemability,Michelangelo Antonioni: The Eye That Changed Cinema,2001-01-01,9.3668
647354,274836,midday demons,Midday Demons,2014-06-07,0.1793
644672,298966,pickaxe,Pickaxe,2014-09-20,10.2007
431510,49568,1,1,2009-11-05,0.4969
550493,1603575,merry christmas mr bean,Merry Christmas Mr. Bean,,0.2207
40170,1554412,mortal kombat rebirth,Mortal Kombat: Rebirth,2010-06-08,0.5366
647704,554166,fake america great again wie facebook und co die demokratie gefahrden,Fake America Great Again,2018-10-12,0.5013
63497,1427696,starship,Starship,2024-11-14,0.0379
430602,328032,firebringer,Mara and the Firebringer,2015-04-02,1.6535
187665,989207,the bellboy and the playgirls,The Bellboy and the Playgirls,1962-02-12,0.396
581779,1439587,vanished,Vanished,,1.3472
351651,993314,the untitled star wars mockumentary,The Untitled Star Wars Mockumentary,2003-06-25,0.28
322147,565023,a mouse tale,Mickey Mouse Clubhouse: A Goofy Fairy Tale,2016-11-06,2.7939
336589,1607437,quinoa,David Lynch Cooks Quinoa,2007-08-14,0.3175
667430,758025,peter s to do list,Peter's To-Do List,2019-09-17,0.9134
382786,1587579,valimo,The Foundry,2007-06-16,0.0409
484874,1525550,deep ocean lights in the abyss,Deep Ocean: Lights in the Abyss,2016-08-28,0.1292
690882,664847,40 the temptation of christ,40: The Temptation of Christ,2020-04-07,0.2305
7738,299200,kronprinz rudolf,Kronprinz Rudolfs letzte Liebe,1956-02-28,0.0917
565700,545629,fire,Fire,2012-02-07,2.6146
636864,1580253,hazbin hotel,Hazbin Hotel: Live on Broadway,2025-11-17,3.3023
691930,270931,out of the shadows,Out of the Shadows,1988-09-02,0.9102
696085,14113,zoom,Zoom,2006-08-11,3.1776
662059,1606098,dave chappelle the kennedy center mark twain prize,Dave Chappelle: The Kennedy Center Mark Twain Prize for American Humor,2020-01-07,0.0805
716754,560702,kadakh,Kadakh,2020-06-18,0.8761
489298,369607,a christmas tail,A Christmas Tail,2014-01-01,0.3912
718467,10443,fearless,Fearless,1993-10-15,2.1818
363909,1071215,thanksgiving,Thanksgiving,2023-11-16,5.4775
214714,425274,don t,Now You See Me: Now You Don't,2025-11-12,120.0166
171645,1154485,sync,Sync,2023-07-21,1.1031
425764,1082597,alumbramiento,Alumbramiento,2022-10-22,0.3855
253617,763861,lego marvel super heroes maximum overload,LEGO Marvel Super Heroes: Maximum Overload,2013-11-05,3.9073
266360,1494221,sticks and stones investigating the blair witch,Sticks and Stones: Investigating the Blair Witch,1999-10-26,0.0673
725924,792787,ps5 the future of gaming,PS5 - The Future of Gaming,2020-10-01,0.7392
675522,1433354,murder death koreatown,Murder Death Koreatown,2020-02-29,0.1596
239891,48830,me and my dick,Me and My Pal,1933-04-22,0.4202
679014,297247,black friday,Black Friday,2001-01-19,0.3989
736024,375989,dark,Dark,2015-10-17,1.5577
744624,21378,fishing with john,Navigating the Heart,2000-02-14,0.4062
701956,694228,unparalleled mulan,Mulan the Heroine,2020-04-17,0.5379
270176,183125,go to hell,Go to Hell,1986-01-01,0.0498
592251,847155,1964 o brasil entre armas e livros,1964: Brazil between weapons and books,2019-07-07,0.0659
558304,1051811,borderless,Borderless,2022-11-11,0.4488
231064,1339601,laveuses,Laveuses,,0.1922
685022,1160901,burn the witch,Burn the Witch,2020-10-01,0.6141
754083,96823,quiz,Quiz,2012-03-22,0.5301
549048,996040,sogni e bisogni,Sogni e bisogni,2019-12-18,0.8575
756498,1164506,firefly,Firefly,2023-12-25,1.2383
761129,761226,welcome home,Welcome Home,2020-11-06,1.9932
576500,1498660,the making of annihilation,The Making of Annihilation,2018-03-29,0.1198
614103,1609633,guardians of the galaxy inferno,Guardians of the Galaxy: Inferno,2017-08-22,0.1861
178151,534715,a lion in the house,The Lion Ran Away from the House,1977-06-15,1.2508
737785,172117,expiration date,Expiration Date,2012-01-11,1.2728
760506,1046096,the dark redemption,The Dark Redemption,1999-08-29,0.7757
432052,1166659,saving star wars,Saving Star Wars,2004-06-09,0.4124
751513,1424925,star wars revelations,Star Wars: Revelations,2005-04-16,0.0741
745433,38993,jonathan coulton best concert ever,Jonathan Coulton - Best. Concert. Ever.,2009-05-16,0.2663
432517,126850,sherlock the final problem,The Adventures of Sherlock Holmes and Dr. Watson: Mortal Fight,1980-09-09,1.0328
720295,179523,the nativity,The Nativity,1986-01-19,1.3653
758936,227,the outsiders,The Outsiders,1983-03-25,5.0232
308284,94978,pravarakyudu,Pravarakyudu,2009-12-04,0.1045
642088,334584,blackout,Blackout,2012-10-24,2.5612
769350,882055,bad ben 7 the haunted highway,Bad Ben 7: The Haunted Highway,2020-05-01,1.1563
422112,1180731,scream halloween special,Make Me Scream,2023-10-02,0.4871
732277,823800,planet earth a celebration,Planet Earth: A Celebration,2020-08-31,0.583
762697,49313,telling lies,Telling Lies,2006-01-01,2.5302
789344,446516,mangrove,Mangrove,2011-08-10,0.2249
508765,1053804,the last day of wwi,"The Last Day of WWI: 11th Month, 11th Day, 11th Hour",2004-11-02,1.8039
785822,150333,troubled waters,Troubled Waters,2020-10-01,0.6676
756688,1357289,the essence of combat making black hawk down,The Essence of Combat: Making 'Black Hawk Down',2002-06-02,0.0845
793095,290725,the day of the living dead,Lazarus: Apocalypse,2014-09-09,16.7395
186037,765172,teenage mutant ninja turtles rise of the turtles,Rise of the Teenage Mutant Ninja Turtles: The Movie,2022-11-19,2.4552
632378,165847,american bullet,Paper Bullets,2000-10-23,0.2637
590438,581797,war games,War Games,2009-01-17,1.5543
263255,1362651,40,40,2024-11-04,0.3921
793666,1437084,absolute proof,Absolute Proof,2021-02-05,0.4566
795446,801528,framing britney spears,Framing Britney Spears,2021-02-05,0.4145
715893,1476428,we are the missing,We Are The Missing,2020-06-15,0.1813
692242,1472513,detroit evolution,Detroit Evolution,2020-04-11,2.0379
126424,194817,take a girl like you,Take a Girl Like You,1970-12-16,0.6397
791052,718016,cheeni,Cheeni,2020-12-24,0.5506
573782,3014,eiken,The Man Between,1953-10-19,0.4422
781828,686820,pompei ultima scoperta,Pompeii: Disaster Street,2020-03-19,0.0643
363731,1133410,welcome to hell,Welcome To Hell,2023-05-29,0.1089
796115,1496513,kingsman the secret service revealed,Kingsman: The Secret Service Revealed,2015-06-08,8.3969
814415,333869,the keepers,The Keepers,2016-04-01,0.1812
813756,1182544,cool cat fights coronavirus,Cool Cat Fights Coronavirus,2021-04-01,1.6151
806947,430317,putin the new empire,Putin: The New Empire,2016-11-30,0.1148
804485,1561052,batman dying is easy,Batman: Dying is Easy,2021-03-10,0.1087
405547,1444258,cool cat stops bullying,Cool Cat Stops Bullying,2012-11-11,0.2467
496075,1524129,master class ridley scott,Alien: Covenant - Master Class: Ridley Scott,2017-08-15,0.2144
823575,1511567,ouverture of something that never ended,Ouverture of Something That Never Ended,2020-11-16,6.055
373929,1480,touch of evil,Touch of Evil,1958-03-30,2.0805
684814,171222,der dino planet 3d,Planet Dinosaur: Ultimate Killers,2012-08-19,2.2548
810877,1495151,save ralph,Save Ralph,2021-04-06,2.0362
691529,974746,summer of mesa,Summer of Mesa,2020-05-22,0.4548
737618,941407,the hidden kingdoms of china,The Hidden Kingdoms of China,2020-02-22,3.7828
689588,428126,smiling friends,"Smile, My Friend!",2007-10-24,0.2639
836665,479771,leonardo the man who saved science,Leonardo: The Man Who Saved Science,2017-04-05,3.2853
835263,746712,poeslief een ode aan de kat,Kitty Love: An Homage to Cats,2020-09-30,0.8004
487050,841306,sidetracked,SideTracked,1992-11-18,0.0
730788,640845,erica,Erica,2016-09-08,1.0754
299047,252345,one step behind,One Step Behind,2005-06-25,1.4139
830073,1563429,introspectum motel,Introspectum Motel,2021-05-15,0.5208
842496,857351,vice versa chyna,Vice Versa: Chyna,2021-06-17,0.2474
845074,295830,attack on titan,Attack on Titan,2015-08-01,4.313
470560,1212381,the nanny reunion a nosh to remember,The Nanny Reunion: A Nosh to Remember,2004-12-06,0.1753
833224,818789,borat vhs cassette of material deemed sub acceptable by kazakhstan ministry of censorship and circumcision,"Borat: VHS Cassette of Material Deemed ""Sub-Acceptable"" by Kazakhstan Ministry of Censorship and Circumcision",2021-05-25,0.3097
833915,1404388,far more,Far More,2021-09-21,0.3853
839298,297493,the mystery of the carpathian sphinx,Mystery of the Carpathian Sphinx,2013-10-28,0.0218
635838,378108,in this corner and other corners of the world,In This Corner of the World,2016-11-12,2.3531
112679,1595851,italian spiderman,Italian Spiderman,2007-11-08,0.484
381423,1579725,pictured,Pictured,2014-07-24,0.2786
497256,1243741,ballistic,Ballistic,2025-12-06,1.9801
853673,800705,2021 war of the worlds,Alien Conquest,2021-02-26,1.9426
815144,691242,where are you,Where Are You,2022-10-21,0.9397
348696,1599609,sinclair,Sinclair,2010-09-09,0.1597
686667,1327385,the dark side of the rainbow,The Dark Side of the Rainbow,2000-07-01,1.6343
730639,858960,smiling woman,The Smiling Woman,2020-12-01,0.044
851112,823609,monster family 2,Monster Family 2,2021-10-15,0.9142
798481,386715,the labours of hercules,The Twelve Labors of Hercules,1910-06-21,0.0868
823837,1201683,black easter,Black Easter,2021-05-14,1.1135
496125,182376,the rockford files,The Rockford Files: If the Frame Fits...,1996-01-14,0.6016
748121,616061,dark angel,Dark Angel,2019-08-03,3.2069
917505,557829,sorry,Sorry,1981-03-03,1.1995
257104,270445,atlanta,Atlanta,1996-07-19,0.1742
602524,1531312,unraveling the mystery a big bang farewell,Unraveling The Mystery: A Big Bang Farewell,2019-05-16,2.257
274896,1612233,the very best of the ed sullivan show,The Very Best of The Ed Sullivan Show (Vol. 1),1991-02-17,0.0193
744247,1189102,baelin s route an epic npc man adventure,Baelin's Route - An Epic NPC Man Adventure,2021-05-09,1.3626
936456,1517334,star wars origins,Star Wars: Origins,2019-12-12,0.1564
934109,44470,ice cream man,Ice Cream Man,1995-05-09,2.4452
934096,1369806,full force,Full Force,2024-10-10,0.083
950025,1322218,rat movie 2 the movie,Mononoke the Movie: Chapter II - The Ashes of Rage,2025-03-14,1.49
957115,911348,madelines,Madelines,2022-04-01,0.7773
958198,1123874,benjamin franklin,Little Historians: Benjamin Franklin,2023-02-14,1.0156
879954,835362,la broma,Milan Kundera: From the Joke to Insignificance,2021-10-21,7.7209
949778,1305327,hellstorm,Hellstorm,2015-05-01,0.2352
972022,1074933,meltdown three mile island,Meltdown at Three Mile Island,1999-02-22,0.111
970060,845398,survive,Survive,2021-07-16,0.3357
567712,243171,the kiss,The Kiss,1958-09-16,2.5864
585297,25055,l homme machine,Transmorphers,2007-06-26,1.6675
982987,671025,blasted,Blasted,1998-01-01,0.0071
894717,1202428,ignore it,Ignore It,2021-01-01,0.6961
381789,1401770,snowbird,Snowbird,,0.9142
879953,1196426,freddy,Freddy,2023-11-23,1.6975
879950,1008409,el asfalto,The Bikeriders,2024-06-19,4.1507
879951,1213280,el doble,El Doble,1985-01-01,0.0478
461581,817956,la vida nuestra,La vida que no es nuestra,2021-05-28,4.6973
969086,174162,our time,Our Time,1974-04-10,1.8676
899698,1386668,deck of cards,Deck of Cards,2023-11-30,0.0071
881931,1519807,clint eastwood a cinematic legacy,Clint Eastwood: A Cinematic Legacy: A Director's Vision,2021-09-09,0.0
1008573,957864,moment of contact,Moment of Contact,2022-10-18,0.7546
963590,1437339,at the suicide of the last jew in the world in the last cinema in the world,At the Suicide of the Last Jew in the World in the Last Cinema in the World,2007-05-20,0.0606
1020277,1447742,backspace,Backspace,,0.2993
958637,950905,the princess and the bodyguard,The Princess and the Bodyguard,2023-11-30,0.401
1054831,1407306,detectorists,Mackenzie Crook Remembers... Detectorists,2024-12-23,0.1702
628861,339403,baby driver 2,Baby Driver,2017-06-28,8.9458
381420,1382740,not so fast,Not so fast,2019-09-16,0.0327
381419,1579741,coffer,Coffer,2014-10-20,0.2479
381294,1579733,attic panic,Attic Panic,2015-02-13,0.2258
380721,674721,see you soon,See You Soon,2020-03-22,0.6238
705354,1547250,not alone in here,Not Alone in Here,2020-05-17,0.148
689040,74468,shadowed,Shadowed,1946-09-26,1.6054
305967,1579753,cam closer,Cam Closer,2013-04-24,2.0254
1012230,947532,necktie,Necktie,2020-09-24,0.0214
1107516,1590552,louis c k at the dolby,Louis C.K. at the Dolby,2023-04-04,0.9082
1061605,1281082,don t look deeper,Don't Look Deeper,2020-07-27,0.6342
1144338,146670,table,Table,1976-11-01,0.2099
1102551,445821,skinford death sentence,Skinford: Death Sentence,2017-03-12,0.7444
277090,1390595,d extra stage,Initial D: Extra Stage 2 - Green Departure,2008-10-03,1.7392
1112977,1514927,honey i shrunk the audience,"Honey, I Shrunk the Audience!",1994-11-21,0.1459
642216,278371,o canada,O Canada,1952-01-01,0.0143
1172627,1471528,the peter weyland files ted conference 2023,"The Peter Weyland Files: TED Conference, 2023",2012-02-08,0.1897
1172634,1471541,the peter weyland files happy birthday david,"The Peter Weyland Files: Happy Birthday, David",2012-03-17,0.5078
1173102,1466457,the peter weyland files quiet eye elizabeth shaw,"The Peter Weyland Files: Quiet Eye, Elizabeth Shaw",2012-10-09,0.2941
945397,1336986,predator vs colonial marines,Predator vs. Colonial Marines,2016-02-26,0.4945
456504,1472042,alien covenant prologue last supper,Alien: Covenant - Prologue: Last Supper,2017-02-22,0.6272
457491,1439792,alien covenant prologue the crossing,Alien: Covenant - Prologue: The Crossing,2017-04-26,1.361
704838,1610597,predators the chosen,Predators: The Chosen,2010-01-01,0.2142
1136321,232319,coyote,Coyote,2014-12-16,1.5382
