old_tmdb_id,query_title,reason
17882,,no_redirect
68149,,no_redirect
47350,return to lonesome dove,no_search_match
26491,tipping the velvet,no_search_match
13716,,no_redirect
55676,a personal journey with martin scorsese through american movies,no_search_match
58923,when the levees broke a requiem in four acts,no_search_match
78057,,no_redirect
49870,the power of nightmares,no_search_match
67463,heimat 1 eine deutsche chronik,no_search_match
200039,,no_redirect
113879,,no_redirect
42137,,no_redirect
61917,,no_redirect
61919,,no_redirect
61920,,no_redirect
211877,,no_redirect
37106,,no_redirect
96451,if god is willing and da creek don t rise,no_search_match
59572,buster keaton a hard act to follow,no_search_match
67636,comanche moon,no_search_match
51765,dead man s walk,no_search_match
75375,the trap what happened to our dream of freedom,no_search_match
75964,george harrison living in the material world,no_search_match
60364,the nazis a warning from history,no_search_match
20892,,no_redirect
192695,all watched over by machines of loving grace,no_search_match
470358,latin music usa,no_search_match
214857,dragon age redemption,no_search_match
147269,,no_redirect
206997,appropriate adult,no_search_match
170359,,no_redirect
202043,prime suspect 3,no_search_match
216035,prime suspect inner circles,no_search_match
263946,prime suspect the final act,no_search_match
263947,prime suspect 6 the last witness,no_search_match
215999,prime suspect the lost child,no_search_match
117408,l et di cosimo de medici,no_search_match
288293,jungre de ikou,no_search_match
51982,,no_redirect
101517,,no_redirect
166918,,no_redirect
162806,,no_redirect
56508,fant mas l ombre de la guillotine,no_search_match
355551,siete mesas de billar franc s,no_search_match
114761,the beach boys an american family,no_search_match
241340,the forsyte saga,no_search_match
63383,bbc the story of maths,no_search_match
51452,the century of the self,no_search_match
460870,shock and awe the story of electricity,no_search_match
129405,world war ii when lions roared,no_search_match
252995,,no_redirect
252993,,no_redirect
245170,pokemon the origin,no_search_match
110414,,no_redirect
64047,cranford,no_search_match
103081,cambridge spies,no_search_match
178446,unsere m tter unsere v ter,no_search_match
97414,auschwitz the nazis and the final solution,no_search_match
289314,olive kitteridge,no_search_match
273334,united states of secrets part one the program,no_search_match
62653,,no_redirect
125458,north and south book ii,no_search_match
18729,north and south book i,no_search_match
31183,the magical legend of the leprechauns,no_search_match
71461,thorne sleepyhead,no_search_match
202249,the amazing spider man 3,no_search_match
280472,ring of the musketeers,no_search_match
38611,the sacketts,no_search_match
67866,guyana tragedy the story of jim jones,no_search_match
76162,stephen fry in america new world,no_search_match
57622,act da fool,no_search_match
67456,summer heights high,no_search_match
317384,li l quinquin,no_search_match
125336,the story of film an odyssey,no_search_match
56511,juve contre fant mas,no_search_match
56516,fant mas le mort qui tue,no_search_match
56512,fant mas contre fant mas,no_search_match
56515,fant mas le faux magistrat,no_search_match
138394,monty python fast die ganze wahrheit,no_search_match
264321,a rumor of war,no_search_match
30496,the tenant of wildfell hall,no_search_match
321640,the jinx the life and deaths of robert durst,no_search_match
247668,anna kar nina,no_search_match
329241,sinatra all or nothing at all,no_search_match
70758,hey boo harper lee and to kill a mockingbird,no_search_match
325557,the casual vacancy,no_search_match
141702,,no_redirect
168219,the men who built america,no_search_match
131934,prime suspect scent of darkness,no_search_match
216037,prime suspect 5 errors of judgement,no_search_match
44937,les bodin s collection,no_search_match
345896,the american film institute salute to frank capra,no_search_match
85702,trava fist planet,no_search_match
19792,firestarter 2 rekindled,no_search_match
282247,clerks the lost scene,no_search_match
344560,stonemouth,no_search_match
141334,jim henson s the storyteller,no_search_match
114691,the murder of mary phagan,no_search_match
99022,stephen fry the secret life of the manic depressive,no_search_match
184056,a che punto la notte,no_search_match
246699,death comes to pemberley,no_search_match
281124,screen directors playhouse meet the governor,no_search_match
27934,12 stulev,no_search_match
30294,the first olympics athens 1896,no_search_match
64042,d artanyan i tri mushketyora,no_search_match
51129,,no_redirect
137587,reilly ace of spies,no_search_match
337751,secret life of marilyn monroe,no_search_match
293603,the roosevelts an intimate history,no_search_match
127605,priklyucheniya sherlocka kholmsa i doktora vatsona,no_search_match
38430,,no_redirect
72093,,no_redirect
72095,,no_redirect
194079,sallie gardner at a gallop,no_search_match
119149,extralarge miami killer,no_search_match
213756,extralarge black and white,no_search_match
213755,extralarge black magic,no_search_match
152539,l all e du roi,no_search_match
369879,north pole open for christmas,no_search_match
30922,atomic train,no_search_match
79280,sweet lies korean,no_search_match
73468,journey to midnight,no_search_match
249926,the 7 39,no_search_match
56588,on a retrouv la 7eme compagnie,no_search_match
354297,,no_redirect
52236,first ascent the series,no_search_match
35335,tjorven b tsman och moses,no_search_match
155678,vinnare och f rlorare,no_search_match
385965,the night manager,no_search_match
391997,a body to die for the aaron henry story,no_search_match
56128,kid senshi gandamu dai 08 ms sh tai mir zu rip to,no_search_match
93734,hack liminality in the case of mai minase,no_search_match
93737,hack liminality in the case of yuki aihara,no_search_match
93740,hack liminality in the case of kyoko tohno,no_search_match
31502,rur ni kenshin seis hen,no_search_match
221317,tokus sensha tai dominion,no_search_match
107732,ao no roku g,no_search_match
166719,3x3 eyes legend of the divine demon,no_search_match
294574,ruin explorers,no_search_match
56438,3x3 eyes,no_search_match
339749,saber marionette r,no_search_match
46740,monty python s fliegender zirkus,no_search_match
129269,into the universe with stephen hawking,no_search_match
334057,louis theroux by reason of insanity,no_search_match
108879,louis theroux extreme love autism,no_search_match
12443,perlasca un eroe italiano,no_search_match
56190,green legend ran,no_search_match
228276,,no_redirect
384130,monkey planet,no_search_match
259634,big man polizza inferno,no_search_match
259032,big man 395 dollari l oncia,no_search_match
258638,big man boomerang,no_search_match
46571,big man la fanciulla che ride,no_search_match
205386,mortal kombat conquest,no_search_match
254251,our robocop remake,no_search_match
101185,the far pavilions,no_search_match
38622,gormenghast,no_search_match
26911,the secret smile,no_search_match
310442,the lost honour of christopher jefferies,no_search_match
412252,jean claude van johnson,no_search_match
370366,atop the fourth wall the movie,no_search_match
414632,the first annual on cinema oscar special,no_search_match
416124,the second annual on cinema oscar special,no_search_match
409536,horace and pete,no_search_match
415833,occupied die besatzung,no_search_match
418979,the third annual on cinema oscar special,no_search_match
418772,crisis in six scenes,no_search_match
200549,the secret of crickley hall,no_search_match
44622,,no_redirect
324013,tanner 88,no_search_match
313896,von einem der auszog das f rchten zu lernen,no_search_match
46612,nature s great events,no_search_match
388260,he takes the pills,no_search_match
188521,spies of warsaw,no_search_match
49754,kickassia,no_search_match
75604,suburban knights,no_search_match
137669,to boldly flee,no_search_match
248946,the spoils of babylon,no_search_match
416258,two fencers,no_search_match
46121,the capture of the green river killer,no_search_match
268771,superheroes a never ending battle,no_search_match
327083,the victoria s secret fashion show 2001,no_search_match
416988,the case of jonben t ramsey,no_search_match
174588,,no_redirect
443113,the fourth annual on cinema oscar special,no_search_match
99357,inside the third reich,no_search_match
366561,blindpassasjer,no_search_match
31501,rur ni kenshin meiji kenkaku romantan,no_search_match
201198,dumbland,no_search_match
336956,a d the bible continues,no_search_match
409820,the lost world of communism,no_search_match
450980,13 reasons why,no_search_match
384437,spongebob squarepants 4d attraction the great jelly rescue,no_search_match
453062,frauen ber r w fassbinder,no_search_match
117232,lady blue shanghai,no_search_match
30592,the jacksons an american dream,no_search_match
231510,,no_redirect
419787,death note desu n to 2006 2007,no_search_match
41581,,no_redirect
425488,dark heart aka wagstaffe,no_search_match
28013,bangkok hilton,no_search_match
264356,das beste von simon s cat,no_search_match
288977,the dovekeepers,no_search_match
340155,,no_redirect
79833,the infinite worlds of h g wells,no_search_match
213313,,no_redirect
355426,falling skies,no_search_match
452142,maigret s night at the crossroads,no_search_match
247263,philosophy a guide to happiness,no_search_match
337747,texas rising,no_search_match
406403,priklyucheniya sherloka kholmsa i doktora vatsona okhota na tigra,no_search_match
457307,,no_redirect
336549,,no_redirect
435114,the killing season,no_search_match
431490,bojack horseman christmas special sabrina s christmas wish,no_search_match
128733,hollywood a celebration of the american silent film,no_search_match
461805,the putin interviews,no_search_match
338546,the enfield haunting,no_search_match
425916,salad fingers,no_search_match
32228,5ive days to midnight,no_search_match
439314,the garden of afflictions 2017,no_search_match
412103,rick and morty state of georgia vs denver fenton allen,no_search_match
465822,the misadventures of rick and morty,no_search_match
254689,never tear us apart the untold story of inxs,no_search_match
188421,a history of horror with mark gatiss,no_search_match
466986,ari shaffir double negative,no_search_match
25274,house of saddam,no_search_match
62509,tsunami the aftermath,no_search_match
51493,the living dead three films about the power of the past,no_search_match
124025,padre pio miracle man,no_search_match
378724,the devil s whore,no_search_match
368825,fictitious anacin commercial,no_search_match
477351,smart the documentary,no_search_match
368465,beforel orel trust,no_search_match
374323,nussknacker und mausek nig,no_search_match
381823,neben der spur amnesie,no_search_match
61693,i know my first name is steven,no_search_match
463612,blue planet ii,no_search_match
286645,der froschk nig,no_search_match
313550,die g nsemagd,no_search_match
374322,der prinz im b renfell,no_search_match
303639,dornr schen,no_search_match
299520,k nig drosselbart,no_search_match
299522,das m dchen mit den schwefelh lzern,no_search_match
303731,br derchen und schwesterchen,no_search_match
32320,life with judy garland me and my shadows,no_search_match
108883,louis theroux extreme love dementia,no_search_match
140283,i promessi sposi secondo il trio,no_search_match
451802,,no_redirect
423301,the victoria s secret fashion show 2016,no_search_match
408985,the victoria s secret fashion show 2013,no_search_match
285826,2012 victoria s secret fashion show,no_search_match
313346,the victoria s secret fashion show 2011,no_search_match
177460,charles ii the power the passion,no_search_match
130124,,no_redirect
69723,lord of the piercing,no_search_match
459630,voldemort origins of the heir,no_search_match
468766,the moors murders,no_search_match
21485,anne frank the whole story,no_search_match
502892,making a murderer,no_search_match
501754,maigret in montmartre,no_search_match
440427,the moorside,no_search_match
159179,the last enemy,no_search_match
53228,zapruder film of kennedy assassination,no_search_match
311186,,no_redirect
459697,the greater good harry potter fan film,no_search_match
475305,auditorium 6,no_search_match
187299,a very potter senior year,no_search_match
523902,evil genius the true story of america s most diabolical bank heist,no_search_match
425192,legendy polskie operacja bazyliszek,no_search_match
430652,legendy polskie jaga,no_search_match
386135,legendy polskie twardowsky,no_search_match
416763,legendy polskie twardowsky 2 0,no_search_match
371240,legendy polskie smok,no_search_match
523373,birdsong gesang vom grossen feuer,no_search_match
16381,,no_redirect
32,taiho no machi,no_search_match
50515,todd mcfarlane s spawn 3 the ultimate battle,no_search_match
310706,black water transit,no_search_match
247959,leaning towards solace,no_search_match
61403,prince caspian and the voyage of the dawn treader,no_search_match
536418,killer construction norio osada on lady snowblood,no_search_match
525594,,no_redirect
352148,u f oh yeah,no_search_match
344115,chinna gounder,no_search_match
260708,,no_redirect
101999,bbs the documentary,no_search_match
540387,brotherhood of the rose,no_search_match
544695,,no_redirect
557891,star wars dresca,no_search_match
496541,hearts of kyber,no_search_match
427094,the shadow that devours the sun hi hamu kage,no_search_match
536376,pes barbos i neobychnyy kross,no_search_match
565184,the zen diaries of garry shandling parts 1 2,no_search_match
560701,jonestown terror in the jungle,no_search_match
562155,shrek retold,no_search_match
547025,tenacious d post apocalypto,no_search_match
139295,la maison hant e,no_search_match
516383,,no_redirect
465803,naruto akaki yotsuba no kuroba o sagase,no_search_match
467080,gorshochek kashi,no_search_match
590710,sherlok kholms i doktor vatson,no_search_match
264151,vad tyst det blev,no_search_match
306732,,no_redirect
258209,doctor who dreamland,no_search_match
39500,d day the total story,no_search_match
502575,athlete swinging a pick,no_search_match
263030,extras the extra special series finale,no_search_match
593778,rwby volume 5,no_search_match
399828,,no_redirect
614750,i love you now die the commonwealth vs michelle,no_search_match
609703,the blind banker,no_search_match
466750,07 27 1978,no_search_match
451364,deadpool musical beauty and the beast gaston parody,no_search_match
525206,leningrad kolshik,no_search_match
609714,the empty hearse,no_search_match
593848,,no_redirect
72999,,no_redirect
573195,distant vision,no_search_match
484855,justice league dawn of apokolips,no_search_match
611478,royal shakespeare company the tempest,no_search_match
360086,american experience walt disney,no_search_match
210590,pingu s the thing,no_search_match
637977,chicago city of the century part 1 mudhole to metropolis,no_search_match
637986,chicago city of the century part 2 the revolution has begun,no_search_match
629861,electra woman and dyna girl,no_search_match
334912,hajataisei dangaio,no_search_match
242550,claycat s the raid,no_search_match
481472,boris giuliano un poliziotto a palermo,no_search_match
401707,,no_redirect
401885,,no_redirect
421602,,no_redirect
656594,don t f k with cats hunting an internet killer,no_search_match
171338,die lederstrumpferz hlungen,no_search_match
35948,tajuu jinkaku tantei saiko amamiya kazuhiko no kikan,no_search_match
519723,the honeymoon stand up special,no_search_match
104950,holy musical b man,no_search_match
659530,halo the fall of reach,no_search_match
680842,playtime with destiny,no_search_match
525807,the fifth annual on cinema oscar special,no_search_match
585275,the new on cinema oscar special,no_search_match
495280,tim heidecker trial,no_search_match
360226,xiao kang,no_search_match
693024,leningrad cowboys those were the days,no_search_match
678250,meurtres en lorraine,no_search_match
693020,leningrad cowboys these boots,no_search_match
651053,helluva boss,no_search_match
625910,furries the movie,no_search_match
699626,red vs blue season 15,no_search_match
409921,pornography a secret history of civilisation,no_search_match
330893,the trail to oregon,no_search_match
395370,janet jackson s rhythm nation 1814,no_search_match
721357,bet awards,no_search_match
575116,,no_redirect
682273,after the disaster stories from the tsunami,no_search_match
195003,,no_redirect
323377,ani a parody,no_search_match
118209,winnetous r ckkehr,no_search_match
408348,the secrets of quantum physics,no_search_match
533713,,no_redirect
722162,genius of the modern world marx,no_search_match
722163,genius of the modern world nietzsche,no_search_match
722165,genius of the modern world freud,no_search_match
700381,relentless the making of elektra,no_search_match
169260,mankink the story of all of us,no_search_match
666586,you rock my world,no_search_match
653892,rob cantor shia labeouf live,no_search_match
186835,biting elbows bad motherfucker,no_search_match
630277,bitva za moskvu,no_search_match
437217,adventure time islands,no_search_match
758834,hitler s circle of evil,no_search_match
496317,afi life achievement award a tribute to al pacino,no_search_match
687704,taken at the flood,no_search_match
272868,fry s planet word,no_search_match
668176,life beyond chapter 1 alien life deep time and our place in cosmic history,no_search_match
754369,life beyond chapter 2 the museum of alien life,no_search_match
765746,the three wise mmen,no_search_match
657396,living with trevor,no_search_match
657404,not so amazing,no_search_match
325006,the mayfair set,no_search_match
760729,india from above,no_search_match
622007,tiffany haddish presents they ready,no_search_match
662831,haikyuu vs akaten,no_search_match
492314,psych the musical,no_search_match
768169,neo yokio pink christmas,no_search_match
783462,taking tiger mountain revisited,no_search_match
789964,can t get you out of my head an emotional history of the modern world,no_search_match
786010,world s biggest beasts,no_search_match
444043,histoire s du cin ma,no_search_match
763323,behind the fallout,no_search_match
769405,saturday night live 40th anniversary special,no_search_match
782114,smooth criminal video oficial,no_search_match
722690,after the night with valerie,no_search_match
791905,mangu the donkey king,no_search_match
439369,battlestar galactica the lowdown,no_search_match
523820,the turtle s head,no_search_match
741455,7 days out,no_search_match
671479,the seventh annual on cinema oscar special,no_search_match
731932,my brother jordan,no_search_match
691148,giran el sa d,no_search_match
618526,who killed the neanderthal extended,no_search_match
713722,pretend that you love me,no_search_match
613449,fallen 3 the destiny,no_search_match
212697,bee and puppycat,no_search_match
54726,programme x secret weapons,no_search_match
253592,everything is a remix,no_search_match
705205,anytime is ice cream time,no_search_match
778474,big time christmas,no_search_match
235159,falling for a dancer,no_search_match
780367,for whom the bell tolls part 1,no_search_match
780371,for whom the bell tolls part 2,no_search_match
452765,adventure time elements,no_search_match
313744,dook stole christmas,no_search_match
531522,tdf really works,no_search_match
307842,intlo illalu vantaintlo priyuralu,no_search_match
147172,,no_redirect
773647,welcome to hoxford the fan film,no_search_match
858174,a blaster in the right hands a star wars story,no_search_match
201670,allosaurus a walking with dinosaurs special,no_search_match
891255,julia louis dreyfus the kennedy center mark twain prize,no_search_match
600633,raising kratos,no_search_match
831360,downton abbey christmas special 2015,no_search_match
553296,,no_redirect
875337,the vote part 2,no_search_match
875336,the vote part 1,no_search_match
362914,rudge and whitworth britain s best bicycle,no_search_match
934126,kenobi a star wars story,no_search_match
471694,exhibition on screen michelangelo love and death,no_search_match
949506,rat movie mystery of the mayan treasure,no_search_match
732922,helter skelter an american myth,no_search_match
854445,c600,no_search_match
854440,c600 infiltration,no_search_match
917856,c600 step back in time,no_search_match
766094,la rosace magique,no_search_match
497867,child bringing bouquet to woman,no_search_match
704352,boys playing leapfrog side view,no_search_match
763834,semi nude woman hopping on left foot,no_search_match
983443,biography kisstory,no_search_match
1005682,d b cooper where are you,no_search_match
1008469,,no_redirect
666716,untitled queer horror documentary,no_search_match
58933,imperium augustus,no_search_match
380047,pee nut,no_search_match
1013875,self portrait as a coffee pot,no_search_match
1027888,pokemon the arceus chronicles,no_search_match
995460,,no_redirect
182942,africa the greatest show on earth,no_search_match
1033843,,no_redirect
354402,,no_redirect
1026872,l histoire d un crime,no_search_match
1077814,harley quinn a very problematic valentine s day special,no_search_match
1033150,chainsaw maid 2,no_search_match
1058029,,no_redirect
619416,werewolf women of the s s,no_search_match
1105518,muppet vision 3 d,no_search_match
1130353,american masters miles davis birth of the cool,no_search_match
1114081,back to the future the ride,no_search_match
473958,alien covenant prologue meet walter,no_search_match
